ʌ,ả,ăn,ấn,ẩn,ác,ai,anh,ẵm,ẩm
e,ế,em,ép,ếch,ấy,én,ẹp,,
ɪ,y,ý,ị,ít,yêu,im,ì,ỷ,ích,yếu,ép,ẹp
ɒ,ở,ô,ố,ổ,ôn,ôm,ốm,ộc,ốp,óc,ốc,ộc
ʊ,u,ủ,ùn,úng,úp,ú,ụ,ưng,ứng
aɪ,ai,ái,ải,ấy,anh,ảnh,ăn,án,ấn,ẩn,ấm,ẩm
əʊ,ẩu,ố,ổ,ợ,ao,áo,ảo,ôm,ốm,ôn,ổn,ồn
ɔɪ,ói,ổi,ôi,oi,ô,ố,ổ,ôn,ổn,ôm,ốm
ɪə,ỉa,ơi,yêu,eo,ổ,ở,ước,ướt,ớt,ướp
ʊə,úa,ủa,ưa,ùa,ứ,u,ú,ủ,
ju,yêu,yếu,dìu,ỉu,giữ,dự,rượu,
ʌn,ăn,ám,anh,án,âm,ấm,ẩm,ẵm,ảnh
en,em,êm,yến,yên,e,ế,em,êm,én
ɪn,in,im,yến,yên,ý,ỷ,,,
ɒn,ôm,ốm,ổn,ồn,ơn,ớn,ong,ông,ống,ân,ấn,ấm,ẩm,ăn
ʊn,ùn,ủn,ưng,ung,úng,ủng,ứng,,
ʌt,ấp,ập,áp,ác,ả,ắt,án,ấn,ẩn,ấm,ẩm
et,ép,ếch,ế,ẹp,ệch,yếu,e,ế,em,êm,én
ɪt,ít,ích,ép,ẹp,ỷ,y,ì,ý,ị,yếu,yêu
ɒt,ớt,ốp,óc,ộc,ố,ổ,ở,ôn,ồn,ổn,ớn,ốm,ôm
ʊt,úp,ụp,ức,ụ,ú,ÚC,ướp,ước,ủ
bʌ,ba,bắt,bát,bật,bậc,bắp,bay,bảy,bám,bánh,bẩn,băm,,
be,bé,bế,bẻ,bê,bét,bếp,bệt,bầy,bẩy,bẫy,bậy,
bɪ,bị,biết,bít,bia,bí,pin,bịt,bịch,bịp,,
bɒ,bò,bó,bỏ,bố,bổ,bóc,bốc,bớt,bọc,bọt,bóp
bʊ,bù,bú,bút,bụt,bức,bực,búi,bún,búng,bùn,bùng,bưng,búng
baɪ, bãi, bày, bảy, bàn, bán,bài,bại,bẫy,bậy
bəʊ,bố,bổ,bơ,bâu,bao,bảo,bão,bào,
bɔɪ,bói,bồi,bôi,bới,bởi,bơi,,,
bɪə,bia,bịa,bị,bìa,buốt,bước,buộc,
bʊə,búa,bùa,bú,bơ,bờ,bù,bụ,bở,
bju,biếu,bú,bù,bu,bụ,bí,bì,bi,
bʌn,bạn,bán,bắn,bàn,bận,băm,bẩn,bằng,băng,bánh,banh
ben,bên,bẹn,bền,bện,bèn,bén,bến,,
bɪn,biến,bình,bi,biển,biến,bi,bì,bí,bị
bɒn,bọn,bốn,bón,bơm,bón,bồn,bom,bóng,bỗng,bận,bẩn
bʊn,bún,bung,bưng,bùn,búng,buôn,bù,bú,bụ
bʌt,bắt,bạc,bát,bạt,bật,bậc,bác,bả,bã
bet,bết,bét,bếp,bệ,bẹt,bế,bé,bè,bẻ,bể
bɪt,bít,bịt,bịp,bích,biết,bí,bị,
bɒt,bọt,bột,bốc,bớt,bóp,bốt,bợp,,
bʊt,bút,bụt,bứt,bực,bụp,bú,bù,bụ,bừa
dʌ,đá,đã,đang,đái,đan,đàn,đần,đăng,
de,để,đế,đè,đến,đen,đẩy,đậy,đầy,đây
dɪ,đi,đẻ,để,đè,đe,đinh,đình,đỉnh,đính,đĩa,đỉa
dɒ,đo,đò,đỏ,đố,đổ,đó,đồ,đỗ,độ,đổi,đội,đợi,đớp,đỡ,đợt,đốt,đọc,độc
dʊ,đu,đủ,đun,đút,đục,đực,đùn,đúng,đứng,đựng,đụng
daɪ,đai,đái,đãi,đại,đây,đầy,đẩy,đậy,
dəʊ,đâu,đấu,đậu,đào,đảo,đạo,,,
dɔɪ,đói,đòi,đôi,đổi,đội,đồi,đời,đợi,
dɪə,đỉa,đĩa,đi ôm,đỡ,đuốc,được,đơ,đỡ,
dʊə,địu,đua,đũa,đu,đủ,đùa,đỡ,,
dju,địu,đua,đũa,đu,đủ,đú,,,
dʌn,đan,đàn,đâm,đấm,đạn,đang,đần,đắm,đắng,đăng,đánh,đành
den,đem,đến,đền,đen,đèn,đếm,đệm,,
dɪn,định,đỉnh,đinh,đến,đen,đèn,,,
dɒn,đón,đơn,đốm,đòn,đồn,đốn,độn,đần,đàn,đắng,đang,đâm,đấm
dʊn,đun,đúng,đùm,đùn,đụng,đừng,đứng,đựng,
dʌt,đặt,đạp,đất,đắp,đáp,đập,đặc,,
det,đếch,đẹp,đè,đe,đẻ,để,đệ,,
dɪt,đít,đẹp,đích,địch,đi,đì,đĩa,đỉa,
dɒt,đốt,đọc,đợt,đớp,đó,đò,đỏ,đồ,đó,độc,đợi,đội
dʊt,đút,đứt,đục,đực,đúc,đức,đú,đủ,
fʌ,phá,pha,phải,phai,phà,phả,phát,phạt,Pháp
fe,phê,phép,phế,phèn,phét,phết,phẩy,,,
fɪ,phi,phí,phim,phịt,phì,phím,phích,phiêu,phiếu,
fɒ,phở,phố,phơi,phọt,phởn,phóng,phòng,phồng,phông,phổi
fʊ,phụ,phút,phủi,phun,phục,phủ,phũ,,,
faɪ,phai,phải,phẩy,phái,pha,phá,phà,phả,
fəʊ,phốt,phơi,phở,phao,pháo,phố,,,
fɔɪ,phòi,phôi,phổi,phơi,phối,phở,,,
fɪə,phía,phịa,phí ổ,phiêu,phuy,phờ,phở,phượt,
fʊə,phủ,phở,phũ,phờ,phởn,phụ,phun,phúng,
fju,phí,phủ,phụ,phi,phì,phị,phũ,,
fʌn,fan,phắn,phân,phản,phang,pha,phá,phà,phả,phanh
fen,phê,phế,phèn,phen,phềnh,phê,phế,,
fɪn,phim,phiêu,phiếu,phình,phím,phi,phì,phí,phích,phiên,phiền
fɒn,phòng,phởn,phóng,phồng,phỏng,phông,phố,phô,phân,phần,phận,phắn
fʊn,phun,phùng,phùn,phúng,phủ,phũ,phụ,,
fʌt,phạt,Pháp,phất,phát,fuck,phát,Phật,phá,pha,phà,
fet,phét,phết,phép,phệt,phê,phế,phe,,
fɪt,phịt,phích,phết,phí,phệt,phét,phép,phế,phê
fɒt,phốt,phọt,phất,phò,phố,phô,phở,phạt,
fʊt,phút,phụt,phúc,phủ,phũ,phù,phụ,,
gʌ,gà,gạ,gã,gả,gạt,gặp,ga,gắt,gấp,gập,gạc,gác
ge,ghé,ghẹ,ghẻ,ghế,gầy,gẩy,gẫy,gậy,ghè
gɪ,ghi,ghì,Git,ghê,ghế,ghẹ,ghè,ghé,ghe
gɒ,gò,gọt,góc,góp,gộp,gõ,gỗ,gờ,gỡ,gồm,guốc,gọi,gội
gʊ,gu,gụ,gục,gút,gù,gừ,gừng,gươm,gương
gaɪ,gãi,gài,gái,gay,gai,gày,gáy,gãy,gậy,quái
gəʊ,gấu,gâu,gào,gáo,gạo,,,,
gɔɪ,gọi,gỏi,gối,gội,gói,gợi,,,
gɪə,ghi ở,ghì,gờ,gỡ,gọi,gội
gʊə,gu,gù,gụ,gờ,gỡ,gọi,gội
gju,gu,gù,gụ,gừ,gừng,,,,
gʌn,gàn,gạn,gần,gắn,găm,gầm,quăng,quẳng,quăn,quân,quấn,gánh
gen,ghen,ghé,ghẹ,ghế,ghè,,,,
gɪn,ghim,ghì,ghen,,,,,,
gɒn,gọn,gom,gớm,gồm,gốm,gần,gân,gàn,gắn,gắng
gʊn,gừng,gu,gụ,gù,gụ,gừ,,,
gʌt,gạt,gắt,gật,gấp,gắp,gặp,gấc,gác,gạc
get,ghét,ghép,ghẹ,ghế,ghê,ghé,ghẹ,,
gɪt,ghép,Git,ghét,ghi,ghì,ghê,ghế,ghé,ghẹ
gɒt,gọt,gót,gộp,góc,gốc,gò,gõ,gỗ,gỡ,guốc
gʊt,gút,gục,gụ,gu,gù,,,,
hʌ,há,hạ,hái,hại,hả,han,Hán,hạn,hận,hắn
he,hè,hé,hết,hẹp,hét,héc,hẹ,hề,hèn,hên,hến
hɪ,hít,hủy,Huy,hình,hí,híp,hích,,
hɒ,ho,hô,hộ,hổ,hôn,hò,họ,hồ,hố,hớ
hʊ,hú,hụ,hư,hun,hù,hứng,hụt,hút,húc
haɪ,hai,hãi,hái,hay,hài,hại,hãy,,
həʊ,hầu,hơ,hàu,háu,hao,hớ,,,
hɔɪ,hỏi,hói,hôi,hơi,hoi,hồi,hội,,
hɪə,hia,hủy,hít,hơ,hí,Huy,,,
ham,ham,hàm,hám,hâm,hầm,hăm,hang,hàng,háng,hăng,hấng
hju,hiểu,hươu,hiếu,hú,hũ,hù,,,
hʌn,ham,hãm,hàn,hắn,hận,Hán,hằn,hẳn,hàng,hang,háng,hạng,hăng
hen,hẹn,hèn,hen,hên,hẻm,heo,,,
hɪn,hình,Hiền,hên,hến,hèn,hẹn,,,
hɒn,hôn,hơn,hồn,hỗn,hòm,hòn,hờn,hòm,hôm,hận
hʊn,hun,hứng,hùn,hù,hú,hũ,,,
hʌt,hát,hất,hấp,hạ,hạt,hật,hắt,hạc,hắc
het,hết,hét,hẹp,híp,hít,hích,,,
hɪt,hít,hết,hẹp,híp,hét,hích,,,
hɒt,hót,hột,hợp,hớt,hốt,hớp,hóc,học,hốc,hộc
hʊt,hút,hụt,húc,hú,hù,hũ,hư,,
kʌ,cá,cả,cái,cãi,cà,ca,cạ,cai,cài
ke,kẻ,kể,kệ,kê,ké,cây,cầy,cấy,cậy
kɪ,ký,kim,kín,kỳ,kỵ,kỹ,quỳ,quý,quỷ,quỹ,quỵ,kiến,kiếm,kiện,kiêm,kiêng
kɒ,có,cố,cỏ,cọ,cò,cô,cổ,cỗ,cỡ,cờ,cớ
kʊ,cứ,cù,cụ,cũ,củ,cú,cử,cún,cúng,cùng,cũng,cứng
kaɪ,cái,cài,cãi,cai,cải,cay,cày,cấy,cậy
kəʊ,cáu,cau,cậu,cấu,cao,cào,cáo,,
kɔɪ,coi,còi,cói,cối,cội,cởi,,,
kɪə,kia,cờ,cớ,cược,cuốc,cô,cố,cổ,cỗ,cỡ,cơn,cơm
kʊə,của,cua,cụ,cu,cũ,cú,cù,củ,
kju,cứu,kêu,cừu,cựu,cửu,kiêu,kiểu,kiệu,kia
kʌn,cần,can,cạn,cân,cắm,câm,cấm,cầm,cam,cám,cắn,căm,căng,cẳng,cành,cánh,canh,cảnh,cạnh
ken,kem,kém,kèn,kén,kèm,kênh,,,
kɪn,kín,kim,kiêm,kiếm,kìm,kính,kinh,kiến,kiện,kiêng,
kɒn,con,còn,cơm,cồn,cơn,cốm,cong,cõng,cóng,cọng,cống,cổng,cần,cận
kʊn,cún,cùn,cúng,cùng,cũng,cụng,cứng,cưng,
kʌt,cát,cắt,cất,cặp,cắp,các,cá,cạ,
ket,kẹp,két,cây,cầy,cấy,cậy,kết,,
kɪt,kiss,ký,kỵ,kịch,kích,kịp,kíp,kiệt,
kɒt,cốt,cọp,cóc,cọc,cốc,cót,cột,,
kʊt,cút,cứt,cụt,cụp,cực,cụ,cú,cứ,cử,củ,cù,cũ
mʌ,ma,má,mai,mài,mà,mả,mạ,mắt,mất,mát,mập,mặc
me,mẹ,mé,mê,mây,mấy,mầy,mẻ,mép,mét,mệt
mɪ,mì,mi,mìn,mịn,mít,mí,Mỹ,
mɒ,mỗi,mò,mó,mỏ,mộ,mợ,mổ,mơ,mờ,mớ,mở,mợ,mỡ
mʊ,mủ,mù,mũ,mụ,múc,mức,mực,múp,mứt,mừng
maɪ,mai,mài,mải,mái,mãi,may,mày,máy,mấy,mầy
məʊ,mầu,mẫu,mơ,mớ,mợ,mào,màu,máu,mẩu,mỡ
mɔɪ,mới,môi,mồi,moi,mỏi,mọi,mối,mỗi,mời
mɪə,mía,mỉa,mơ,mịa,mờ,mớ,mở,mỡ,mợ,mỡ,mượt,
mʊə,mua,múa,mùa,mưa,mửa,mưu,mủ,mù,
mju,mụ,mù,mũ,mủ,miu,mưu,mua,mùa,múa
mʌn,màn,mắng,mặn,mận,mâm,mắm,mần,mầm,mang,màng,máng,mạng,măng,mạnh,mảnh
men,men,mến,mềm,mền,mẹ,mé,mẻ,mê,
mɪn,mịn,mình,mìn,mím,mỉm,mì,mi,Mỹ,
mɒn,mòn,mồm,mớm,mong,móng,mỏng,mõng,mọng,mộng,mông,móm
mʊn,mún,mùn,mùng,mủng,mủn,mụn,mừng,,
mʌt,mát,mặt,mất,mập,mắt,mật,mắc,mặc,
met,mệt,mép,mét,mẹt,mẹ,mé,mẻ,mê,
mɪt,mít,mệt,mét,mẹt,mép,mi,mì,Mỹ,
mɒt,một,móc,mọc,móp,mốc,mót,mốt,mọt,
mʊt,mút,múc,mục,mứt,mức,mực,múp,,
nʌ,là,lá,lát,lắp,lấp,na,lạ,lả,lan,lăn,lần,lấn,lạc,lắc,lẫn,lập
ne,né,nể,lẹ,nên,nếm,lây,lấy,lầy,lén,nén,nện,lết
nɪ,ly,ninh,lính,nịnh,lỳ,lý,nín,lịm,lịch,lít,liếc,liệt
nɒ,lo,nổ,no,nó,lỡ,nợ,lò,nỏ,lọ,lộ,lớn,lợn,nón,lố,lọc,lọt,lột,nốt
nʊ,lú,nụ,lúc,lục,lũ,lùn,lún,lùng,nút,nứt,lướt,lụt,nước
naɪ,nay,lái,lại,lạy,nai,lãi,này,lây,lầy,lầy,lẫy,lậy
nəʊ,lâu,nâu,nấu,lẩu,lao,nào,láo,lão,
nɔɪ,nói,lôi,lội,nơi,lòi,lõi,lối,nổi,lỗi,lời,nới
nɪə,lia,ly,lỡ,nơ,lìa,lở,nĩa,liệu,nuột,lược,nước,nuốt,luộc
nʊə,lúa,lu,lú,lúc ở,lùa,lụa,nơ,nở,lỡ,lừa,lửa,nữa,lựa
nju,níu,liệu,liều,liễu,lưu,lựu,,,
nʌn,lan,lần,lăn,lắm,làn,lán,nằm,nắm,nấm,nặng,lấn,lẳng,lánh,lạnh
nen,nên,lên,ném,nếm,nệm,lèn,lén,nến,nện
nɪn,nín,lịm,lính,nịnh,linh,lên,nến,nện,
nɒn,non,lông,lồng,nồng,nón,nom,lởm,lớn,lộn,lợn,lần
nʊn,lùn,lún,núm,lùm,lụm,lùng,lu,lú,lũ,nụ,lưng
nʌt,nát,lật,lắp,lấp,lặp,lập,lác,lắc,lạc
net,nét,lép,nếp,nẹp,nách,lách,lạch,lết,né,lẹ,lấy,lậy
nɪt,lít,liếc,lịch,nịt,lép,nẹp,nếp,lết,né,lẹ
nɒt,lót,lọt,lột,lợp,lốt,lóc,lọc,lớp,lốc,lốp,nấu,lẩu
nʊt,nút,lụt,lúc,lục,núp,nứt,lướt,nước,
pʌ,pa,bắt, bát,bật,bả,bạt,bậc,bắc,bạc
pe,pé,bê,bế,bẻ,bên,bầy,bẩy,bẫy,bậy
pɪ,pin,bị,phi,bịt,bít,bí,bịt,bịch,bịp
pɒ,bò,bỏ,bó,bọ,bố,bổ,bơ,bờ,bở,bồ,bộ
pʊ,bú,bự,bùn,bực,bục,bụt,bù,bút,bức,bùm,bùng,bưng
paɪ,bày,bạn,bán,bài,bật,bái,bãi,bại,bay
pəʊ,bầu,bơ,bò,bổ,bộ,bảo,bào,báo,
pɔɪ,bói,bôi,bơi,bới,bồi,bò,bo,bó,bỏ,bõ,bọ,bộ,bởi
pɪə,bia,bìa,bịa,bơ,bờ,bở,buốt,buộc,bước,biếu
pʊə,bùa,búa,bơ,bờ,bừa,bửa,bữa,bựa,
pju,bú,bụ,bị,Bỉ,bù,bi,bì,bí
pʌn,bạn,bán,bàn,bẩn,bắn,băm,bầm,bám,băng,bằng,banh,bánh
pen,bên,bèn,bênh,bệnh,bén,bẹn,bền,bến,bện
pɪn,pin,biến,bệnh,bỉm,bị,bí,binh,,
pɒn,bón,bốn,bồn,bơm,bom,bòn,bong,bòng,bóng,bỏng,bỗng,bẩn,bận
pʊn,bùn,bún,bưng,búng,bùng,bung,,,
pʌt,bắt,bát,bật,bạc,bác,bạt,bắc,bậc,
pet,pet,bẹp,bếp,bét,bết,bệt,,,
pɪt,bít,bịt,bịp,bếp,bét,bẹp,bịch,,
pɒt,bớt,bột,bọc,bốc,bóc,bọt,bốt,bóp,
pʊt,bút,bụt,bực,bức,bục,bứt,bục,,
rʌ,ra,già,giả,giã,giá,rang,răng,rằng,dặn,dạng,dân,dần
re,dế,dép,dẹp,dễ,rẻ,rẽ,giẻ,dê,dây,giầy,giẫy,dậy,rét,giết
rɪ,dí,dì,dị,gì,dìm,rinh,dịch,dịp,rít,giết,rình,dính
rɒ,do,gió,giỏ,rõ,giơ,dồ,giò,giọ,rổ,giở,dỡ
rʊ,rủ,ru,dụ,giũ,rút,giục,dù,rung,dùng,dúng,rụng,dựng
raɪ,dài,dai,dại,dây,giầy,dậy,giấy,,
rəʊ,rau,râu,giấu,giàu,dao,giao,giáo,rao,
rɔɪ,roi,dọi,rồi,giòi,rời,rối,rơi,gió,dối
rɪə,ria,rìa,rỉa,dĩa,riêu,diều,ruột,rượt,ruốc,rước
rʊə,rùa,rủa,dựa,dứa,dũa,giữa,,,
rju,rìu,dịu,rủ,dụ,giữ,dựa,dù,giũ,
rʌn,rang,rắn,dặn,dần,giận,gián,giãn,rạn,răng,rằng,giành,rảnh,rãnh
ren,rên,rèm,riêng,giếng,rèn,giấm,dẫm,dân,dần,dâng,dang,diễn
rɪn,rinh,dìm,rình,dính,rim,gì,dí,rỉ,dị
rɒn,dồn,rốn,dọn,giòn,giọng,giống,giông,rơm,dòm,dần,giận
rʊn,run,rung,giun,dúng,rụng,rừng,dúm,,
rʌt,rác,dắt,rất,rát,giật,giặt,rắc,giặc,ra,già,giá,giả,giã,rách,rạch
ret,rét,dép,dẹp,rết,dệt,dè,rẻ,rẽ,dê,dế,dễ,giết,diệt
rɪt,rít,dịt,dịch,dí,dị,gì,rỉ,dịp,giết
rɒt,rót,giọt,dột,dốc,rớt,dốt,gió,giọ,giò,rõ,dỗ,dỡ,dọn,rợn
rʊt,rút,giúp,giục,dù,rủ,giũ,dụ,dự,giữ
sʌ,xa,sả,xã,xài,xoay,xoáy,sai,sắm,sạn,sàn,sang,xăm,sân,sáng,xăng
se,sẽ,xé,xệ,xây,sấy,sen,xem,xây,sấy,sẩy,xẻ,xòe
sɪ,sỉ,xị,sĩ,suýt,sít,xịt,xích,ship,sịp,xin,xịn,sim,xinh,sinh
sɒ,sờ,sợ,sọ,so,sổ,xỏ,sọt,sốc,xôi,soi,sói,xới
sʊ,sư,xù,xử,sứ,sưng,xúm,sút,sụt,súp,xúc,sự,siêu,súng
saɪ,sai,xài,say,xây,sấy,xoay,,,
səʊ,sâu,xấu,sầu,sao,xào,sau,sáu,,
sɔɪ,soi,sói,sỏi,xôi,xơi,sõi,xối,xơi,xới,sợi
sɪə,xía,xỉa,sờ,sợ,sượt,xước,siêu,suốt
sʊə,xưa,sửa,sữa,xua,sứa,sợ,sờ,sơ,xỏ,xô,số
sju,xíu,xỉu,xía,xỉa,sư,xử,sự,siêu,
sʌn,săn,sân,sang,sáng,sắn,xăng,sán,sạn,sánh,sảnh
sen,xem,sên,sen,xen,xẻng,xém,sến,xiên,
sɪn,xin,xịn,xinh,xình,sính,sim,xỉn,suy,xiên
sɒn,son,són,sơn,xóm,sớm,xong,sừng,sườn,xoong,sân,sờn,sướng,xưởng,sượng
sʊn,xúm,sụn,sưng,xứng,sún,sừng,xương,sướng,xuống,xưởng,xuồng
sʌt,sát,sập,sắp,sắt,xác,sạc,sách,sạch,sặc,
set,sếp,xét,xẹp,xếp,Séc,xé,xe,xẻ,sẽ
sɪt,suýt,xích,sếp,xẹp,sỉ,sĩ,xị,xịt,sịp,ship
sɒt,sốc,xót,sốt,shop,sọt,sọc,số,sợ,sọt,xộc,sóc
sʊt,sút,sụt,xúc,súp,sứt,sư,xử,sự,sứ
tʌ,ta,tả,tã,tắm,tại,tan,tạm,tha,thà,thả
te,tê,tè,té,Tết,tép,tây,tấy,tẩy,thề,thè,thẻ
tɪ,tí,tuy,tin,tính,tìm,tím,thi,thị,
tɒ,tớ,tô,tổ,to,toi,tới,thò,thó,thỏ,thồ,thô,tồn,tốn,tống,tổng
tʊ,tu,tù,tủ,tụ,thu,thù,thú,thử,từ,tứ,tử,tự,tung,túng,tụng
taɪ,tai,tài,tại,tay,Tây,tẩy,thay,thấy,thầy,tham
təʊ,tau,tâu,Tàu,tay,táo,tấu,tậu,thâu,thầu,thấu
tɔɪ,tôi,toi,tới,tỏi,tối,thòi,thôi,thối,thổi
tɪə,tia,tỉa,tía,tí ở,tớ,thìa,tờ,tơ,tới,tuột,tuốt,tước
tʊə,Tour,tú,tớ,tù,thua,thùa,thừa,thưa,,túa,tủa,tu,tủ,tự,từ,tứ,tử
tju,tu,tù,tủ,tự,tú,tụ,tư,tử,từ,tung, túng,tụng,thiu
tʌn,tàn,tan,tán,tắm,tăng,tặng,than,thán,thân,thận,tằm,tâng,tầng,tang,tanh,tạnh
ten,tên,tem,thêm,thèm,thềm,têm,,,
tɪn,tìm,tin,tím,tình,tính,thính,thỉnh,thím,tim
tɒn,tóm,tốn,tôm,tồn,thốn,thôn,thông,thơm,tôn,tọng,tông,tâng,tầng,tấn,tẩn,tận
tʊn,tung,túng,túm,từng,tụng,thùng,thúng,thủng,tùm,
tʌt,tát,tắt,tất,tập,tạch,tách,tắc,thách,thạch,thắt,thật
tet,Tết,tép,té,tệ,thét,thép,,tè,tẻ,tẽ,tê,tế,tệp
tɪt,tít,thịt,tích,Tết,thít,thích,tệp,típ,
tɒt,tốt,TOP,tọt,tợp,thóc,thọc,thốt,thớt,thóp,tóc,tộc
tʊt,tức,tụt,thúc,thức,thực,thụt,tù,tú,tủ,tụ,tự,từ,
tʃʌ,cha,trả,chắc,chặt,chật,trách,chai,chảy,chặn,chán,trắng,cháy,chạy
tʃe,che,chê,chè,chế,trên,chém,chầy,chấy,chẩy
tʃɪ,chỉ,chi,trĩ,trị,chim,chìm,chính,,
tʃɒ,cho,trò,chỗ,chợ,trọ,chó,chở,,
tʃʊ,chú,trụ,chút,chụp,trực,chung,trúng,trũng,chum,trứng
tʃaɪ,chạy,trải,trái,chảy,chai,chài,trầy,chẩy,
tʃəʊ,trâu,chầu,chậu,cháu,trao,chào,cháo,chảo,
tʃɔɪ,chơi,trời,chói,trọi,trôi,chòi,chổi,trội,
tʃɪə,chia,chĩa,chìa,chờ,chở,chợ,chuộc,trước,trượt,trộm
tʃʊə,trưa,chùa,chú,chua,trụ,,,,
tʃju,chiều,chịu,chú,chủ,trụ,chiếu,triệu,,
tʃʌn,chân,chán,chạn,chắn,chặn,chậm,chấm,trắng,trăng,tràn,tranh,chánh,chảnh
tʃen,trên,chiên,chiến,chuyện,chiếm,,,,
tʃɪn,chim,chìm,chín,chính,chỉnh,,,,
tʃɒn,chọn,tròn,chôn,trốn,trộm,trộn,chân,trấn,trận
tʃʊn,chung,trùng,trúng,chum,,,,,
tʃʌt,chắc,trách,chất,chặt,trật,chất,chập,trạch,chắt
tʃet,chết,chệch,chẹt,chếch,chép,,,,
tʃɪt,chích,chịch,chết,chệch,chip,chép,chếch,,
tʃɒt,trót,chốt,chọc,chợt,chộp,chớp,chó,trọ,trò
tʃʊt,chút,chụp,trúc,chục,trước,trượt,chuốc,chuộc,
θʌ,tha,thà,thả,than,thăm,thấm,,,
θe,thề,thèm,thêm,thét,thép,thấy,thầy,,
θɪ,thi,thì,thím,thịt,thích,,,,
θɒ,thỏ,thôi,thò,thơ,thờ,thợ,thối,thớt,
θʊ,thu,thứ,thúi,thùng,thủng,thụt,thúc,,
θaɪ,thai,thái,thải,thay,thầy,thây,thấy,,
θəʊ,thau,thầu,thợ,tháo,thâu,thờ,thở,,
θɔɪ,thoi,thôi,thối,thòi,thói,thỏi,thổi,,
θɪə,thìa,thơ,thở,thợ,thờ,thấy,thuộc,thuốc,thước
θʊə,thua,thu,thú,thơ,thở,thợ,thù,thờ,
θju,thiu,thua,thu,thơ,thở,thợ,thù,thú,thờ
θʌn,than,tham,thăm,thắng,thành,thánh,thắm,thầm,thâm,thận,thân,thần
θen,thèm,thêm,thẹn,thềm,theo,thêu,,,
θɪn,thím,thính,thì,thi,thẹn,thêm,thèm,thiền,thiến,thiện
θɒn,thon,thôn,thộn,thốn,thơm,thông,thân,thần,thận,thâm,thầm
θʊn,thun,thùng,thủng,thúng,thừng,,,,
θʌt,thắt,thật,thắp,thấp,thác,thập,,,
θet,thét,thép,thiếp,thiệp,,,,,
θɪt,thích,thịt,thít,,,,,,
θɒt,thóc,thốt,thọt,thọc,thớt,,,,
θʊt,thụt,thúc,thức,thực,,,,,
vʌ,và,va,vả,vã,van,văn,vặn,vang,vàng,váng,văng
ve,về,vé,vẽ,ven,vênh,viện,vây,vẫy,vậy
vɪ,vì,ví,vị,Vin,vịt,VIP,,,
vɒ,vỏ,võ,vỗ,vô,vò,vơ,vồ,vờ,vớ,vở,vỡ,vợ
vʊ,vú,vừa,vùi,vui,vụ,vựa,vút,vụt,vứt,vung,vùng,vụng,vừng
vaɪ,vay,vài,vái,vải,vai,vãi,vại,,
vəʊ,vây,vâu,vẫy,vẩy,vơ,vợ,vào,vầy,vờ,vớ
vɔɪ,voi,vòi,vội,vời,vơi,vôi,với,vợi,vậy,vật,vặt,vất
vɪə,vía,vỉa,vơ,vợ,vờ,vớ,vở,vỡ,vuốt,vượt
vʊə,vua,vừa,vựa,vờ,vớ,vở,vỡ
vju,víu,vú,vụ,vì,ví,vỉ,vị,,
vʌn,van,văn,vắn,vặn,vang,vàng,vâng,vần,vằm,vắng,văng,vành,
ven,ven,vén,vênh,viên,viện,,,,
vɪn,Vin,vịnh,ví,vì,,,,,
vɒn,vốn,vờn,vòng,võng,vọng,vẫn,,,
vʊn,vun,vung,vừng,vững,,,,,
vʌt,vất,vật,vắt,vặt,vấp,vác,vạch,vách,
vet,vét,vẹt,vết,Vest,viết,Việt,việc,,
vɪt,VIP,vịt,vị,ví,vít,vì,,,
vɒt,vót,vọt,vớt,vợt,vọc,vốc,,,
vʊt,vút,vụt,vứt,vực,,,,,
æ,e,em,anh,ẻ,ả,ế,ấy,êm,ảnh,ắt,ấp,ập,ác
bæ,bà,bé,bè,bế,bẻ,bê,bét,bát,bắt,bếp,bậc
dæ,đã,đá,đè,đe,đẻ,đây,đấy,đẩy,đậy,đạt,đáp,đạp,đắt,đặt,đất,đập
fæ,pha,phá,phà,phê,phế,phát,phạt,phất,Phật,
gæ,gạ,gã,gả,ghê,ghen,ghẻ,ghế,gạt,gắt,gặt,gấp,gập,gắp,gặp
hæ,hạ,há,hè,hé,hề,hết,hẹp,hát,hạt,hắt,hấp,hạch
kæ,cá,cả,kẻ,kê,ké,kế,cắt,cát,cáp,cắp,cặp,cấp,cách,cạch,cạn,cận
mæ,mà,ma,mạ,mé,mẻ,mặt,mép,mát,mắt,mặc,mập,mách,mạch
næ,là,lạ,ném,lén,lê,lá,nể,nách,lắc,lắp,lấp,lập,nạp,lạc
pæ,pa,bế,bắt,bạc,bếp,bẹp,bát,bạt,bắc,bậc,bắp,
ræ,ra,giá,giả,giã,rẻ,rẽ,dễ,dế,rách,rạch,rắc,giặc,ráp,rạp,dập
sæ,xa,xả,xã,xe,xem,xây,sấy,sậy,sách,sạch,sát,sắt,sắp,sập,xác,sặc
tæ,ta,tả,tã,tạ,tè,té,tan,tàn,tán,tha,thà,thè,thề,thế,tách,tạch,tắc,tắt,tập
tʃæ,cha,trả,che,chê,chè,chế,chém,chầy,chán,chắn,trắng,cháy,chạy,trách,trát,chắc,chặt
θæ,tha,thà,thè,thẻ,thề,thèm,thành,thả,thắt,thấp,thác,tham,than,thăm,thánh
væ,và,va,vã,ve,vé,vẻ,vây,vậy,vá,vả,vẽ,vác,vắt,vặt,vất,vật,vấp,vạch
æn,ăn,em,êm,én,ẵm,âm,ảnh,án,ấm,ẩm
bæn,bán,bạn,bèn,bên,bến,bền,ban,banh,bánh
dæn,đan,đàn,đen,đèn,đến,đếm,đệm,đánh,đành
fæn,Fan,phắn,phán,phèn,phấn,phanh,phân,phần,
gæn,gàn,ghen,gần,gánh,gắn,gặm,gánh,gân,gạn,gắng
hæn,hàn,han,hen,hèn,hiền,hiếm,hận,hăng,hận,Hán,hạn,hắn,hẳn,hang,hàng
kæn,cạn,cam,kèn,cắn,kén,cảm,câm,cầm,cấm,kiêm,kiếm,cành,cánh,cạnh
mæn,mang,mạng,men,màn,mâm,mềm,măng,mắng,mạnh,mảnh,
næn,làm,lắm,lan,lén,lên,nền,lăn,nằm,lánh,lạnh,làng,nắng,nặng,lẳng,nâng
pæn,bạn,bàn,bán,bên,bến,bênh,bệnh,banh,bánh,bảng,bằng,bận,bắn,băm,bám
ræn,rán,rang,dặn,giận,rên,rèn,rèm,rén,rắn,giảng,dạng,giành,rảnh
sæn,sang,sáng,sắm,sen,xén,xám,xem,xẻng,sánh,sảnh
tæn,tán,tan,tẩn,tên,tàn,thèm,thêm,tanh,tạnh,tặng,tăng,tầng,tận,tắm,tăm
tʃæn,tràn,chan,chán,chèn,chén,trên,tràn,chân,chắn,trắng,chanh,tránh,chảnh
θæn,than,tham,thăm,thấm,thẹn,thèm,thêm,thành,thánh,,,
væn,van,vàng,váng,vẫn,ven,vênh,vặn,vắn,vành,vắng,văng,
æt,ác,ép,ếch,ấp,ập,ặc,áp,ả,
bæt,bát,bắt,bét,bếp,bạt,bậc,bác,bạc,
dæt,đáp,đạp,đẹp,đắt,đặt,đắp,đập,đặc,
fæt,phạt,phét,phết,phệt,phất,phập,phá,phà,Pháp
gæt,gạt,gác,ghét,gắp,gấc,gặt,gặp,gạch,gắt,gật,gã,gạ
hæt,hạt,hát,hét,hẹp,hất,hật,hấp,hạc,hạ,há
kæt,cát,cạp,két,cắt,cất,kẹp,cặp,cấp,cách,cá,
mæt,mát,mách,mép,mất,mắt,mét,mệt,mẹt,Mẹc,mập,mạch,mặc
næt,nát,lách,nét,nép,nấp,nắp,lặp,lạc,nẹp,lắc,lập
pæt,bát,pet,bắt,bẹt,bếp,bật,bạt,bậc,bác,bạc,bậc
ræt,rát,rất,rét,dép,dẹp,dệt,giật,giặt,dắt,rác,rắc,giặc,dập,rách,rạch
sæt,sát,sét,xét,sắp,xẹp,sập,sặc,sách,sạch,sắc,sắt
tæt,tát,tết,tép,tập,tắc,tạch,tách,thét,thép,tắt,tập,tắc
tʃæt,chát,trét,chép,chất,chật,chắp,chặt,chấp,chập,trách,trạch
θæt,thác,thách,thạch,thét,thép,thắt,thấp,thật,thà,thả,,
væt,vác,vét,vất,vắt,vặt,vật,vách,vạch,vấp,Vest,vẹt
əʊn,ôm,ốm,ổn,ôn,ồn,ẩu,ơn,ươn,ông,ống,ong,,
bəʊn,bâù,bâu,bấu,bốn,bọn,bướm,bón,,,,,
dəʊn,đầu,đâu,đấu,đậu,đơn,đờm,đón,đòn,đần,đàn,đắng,đang,đâm,đấm
fəʊn,phông,form,phởn,phồng,,,,,
gəʊn,gâu,gấu,gợn,gồng,gom,Golf,,,,
həʊn,hầu,hậu,hôn,hồn,hơn,hờn,hỏng,họng,hòm,hôm,
kəʊn,cầu,câu,cấu,cẩu,cậu,còn,con,cổng,cân,,
məʊn,mầu,mấu,mẩu,mòn,mồm,mông,mong,móng,mớm,móm
nəʊn,lầu,lâu,nấu,lẩu,lớn,lợn,nón,nom,
pəʊn,bầu,bấu,bầu,bâu,bơm,bóng,bọn,bón,bông,bốn,,,
rəʊn,rầu,râu,giấu,dẫu,dồn,dọn,giòn,dòm,rơm,,,,
səʊn,sầu,sâu,xấu,sơn,sớm,son,xóm,xông,sống,sờn,sườn,sướng,xưởng,sượng
təʊn,tầu,tâu,tậu,tởm,tốn,tống,tóm,tồn,tôm,tồn,tốn,tóm,tông,tống,tổng,tọng,tâng
tʃəʊn,trâu,chầu,chấu,chậu,trơn,trồng,chọn,
θəʊn,thầu,thấu,thơm,thon,thôn,thông,thốn,thộn,,,
vəʊn,vờn,vón,vòm,vốn,vườn,vươn,vượn,
nɪən,liền,liệng,liếm,niệm,nền,nện,nến,nếm,
bɪən,biếng,biến,biển,bên,bền,bện,bươn,bướng,bơm,bờm
dɪən,điên,điền,điện,điểm,đến,đền,đương,đường,đơn,đơm,đờm
fɪən,phiên,phiền,phưỡn,phởn,phương,,,,
gɪən,giềng,riêng,giếng,rên,rèm,rèn,ren,dỡn,rợn,rướn,diễn
hɪən,hiền,hiện,hiến,hến,hươu,hơn,hờn,hòn,
kɪən,kiêng,kiếng,kiêm,kiếm,quên,kiện,cơn,cơm,quyển,quyền,quyện
mɪən,miến,miệng,mền,mến,mềm,men,mượn,mướn,
pɪən,biếng,biến,biển,bên,bện,bốn,bông,bỗng,bươn
rɪən,giềng,riêng,duyên,giếng,rên,rèn,ren,rén,rợn,rộng,diễn
sɪən,siêng,xem,xiên,xuyên,sơn,sờn,sớm,sườn,sướng
tɪən,tiên,tiền,tiến,tiễn,tiện,tuyển,thiêng,thiến,thơm
vɪən,viên,viền,viện,viếng,vờn,vòm,,,
-, ,,,,,,,,
eɒ,eo,ẻo,éo,ế,ê,,,,
teɒ,teo,tèo,tếu,theo,thẹo,thêu,,,
beɒ,béo,beo,bèo,bẹo,bè,bé,bẻ,bê,bế,bể
deɒ,đeo,đèo,đéo,đểu,đều,đè,đẻ,để,đê,đề
feɒ,phèo,phiêu,phiếu,phê,phế,,,,
geɒ,gel,gẹo,ghè,ghe,ghẹ,ghé,ghẻ,,
heɒ,heo,héo,hẻo,hẹo,hè,hề,,,
keɒ,keo,kéo,kèo,kẻo,kẹo,kè,ké,kẻ,kể,kê,kế
meɒ,mèo,méo,mẹo,mẹ,mé,mẻ,mê,miếu,mếu
neɒ,leo,lèo,neo,liệu,liều,né,lẻ,lẹ,
peɒ,béo,beo,bèo,bẹo,bè,bé,bẻ,bê,bế,bể
reɒ,reo,réo,dẻo,dè,rẻ,giẽ,dẹo,dê,dế,rể,dễ
seɒ,xéo,xèo,sẹo,xe,xé,sẽ,xê,sệ,siêu
tʃeɒ,treo,trèo,chéo,chẹo,chèo,che,chè,chê,chế
θeɒ,theo,thêu,thè,thề,thế,,,,
veɒ,veo,véo,vèo,vẹo,vé,về,vẽ,,
au,ẩu,ấu,áo,ao,ảo,,
tau,tau,tàu,tấu,tậu,tạo,táo,,,
bau,báu,bâu,bầu,bấu,bậu,bao,bào,báo,bảo,bão,bạo
dau,đau,đâu,đầu,đấu,đậu,đao,đào,đảo,đạo
fau,phốt,phao,pháo,phọt,,,,,
gau,gàu,gâu,gấu,gào,gáo,gạo,,,
hau,hàu,háu,hầu,hậu,hao,háo,,,
kau,cau,cáu,quạo,câu,cầu,cấu,cẩu,cậu,cào,cào,cáo,cạo
mau,mau,màu,máu,mầu,mẩu,mẫu,mào,,
nau,lau,lâu,lầu,nấu,lẩu,nẫu,lậu,lao,nào,láo,lão,nạo
pau,báu,bâu,bầu,bấu,bậu,bao,bào,báo,bảo,bão,bạo
rau,rau,giàu,râu,giầu,rầu,giấu,dẫu,dao,rào
sau,sau,sáu,sâu,sầu,xấu,sao,xào,xảo,
tʃau,trâu,chầu,chấu,trẩu,chậu,cháu,chào,cháo,
θau,thau,thâu,thầu,thấu,tháo,,,,
vau,vẩu,vào,,,,,,,
ə,ở,ợ,ô,ố,ổ,ơn,ấn,ấm,ớt,ẩn,ốm,ôm,ổn,ồn,ong,ống
tə,tớ,tờ,tơ,to,tô,tồ,tố,tổ,tới,tơi,tời,tợp
bə,bơ,bờ,bở,bơi,bới,bởi,bớt,bậc,bó,bọ,bọc,bồ,bóc,bổ,bột
də,đơ,đờ,đỡ,đời,đợi,đợt,đớp,đó,đỏ,đổ,đố,đồ,đỗ,độ
fə,phở,phởn,phô,phố,phơi,phập,
gə,gờ,gỡ,gộp,GIRL,gớm,gờm,gợn,gợt,gấc,gọt,gót,góc
hə,hơ,hờ,hớ,hơn,hờn,hớt,hợt,hật,hấp,hố,hộ,họ
kə,cờ,cớ,cỡ,cơn,cơm,cô,cố,cổ,cỗ,cọ,có,cỏ
mə,mỗi,mơ,mở,mờ,mớ,mỡ,mợ,mớm,mới,mời,mồ,mổ,mò,mồm
nə,nợ,nở,lỡ,nơ,lời,nới,nơi,nô,lo,nó,nọ,nồi,lợn,lột,lọc,lọt,lợp
pə,bơ,bờ,bớt,bổ,bơi,bọc,bơm,bờm,bò,bóc,bồ,bóp,bột
rə,do,giơ,giờ,dở,dỡ,rơm,rợn,rơi,rời,dò,gió,giỏ,rõ,dồ,rổ
sə,sờ,sợ,xơi,xới,sợi,so,xô,số,so,sò,xỏ,xô,số,soi,sói,xôi
tʃə,chờ,chỗ,chở,chợ,chơi,trời,chởi,trơn,trộm,chồm,trơn,trợn
θə,thơ,thờ,thở,thợ,thời,thơm,thò,thó,thỏ,thô,thồ
və,vơ,vờ,vớ,vở,vỡ,vợ,vơi,vời,với,vợi,vớt,vợt,vật,vặt,vất,vậy
ət,ớt,ấp,ập,ặc,ốp,óc,ộc,ở,ợ,ô,ố,ổ,ốc,óc
tət,tập,tất,tật,tợp,tấp,tới,tớ,tốt,TOP,tơ
bət,bớt,bợt,bợp,bập,bật,bắt,bậc,bới,bậc,bóp,bóc,bọc,bốc
dət,đợt,đớp,đất,đập,đắp,đắt,đặt,đặc,đọc,độc,đốt
fət,phọt,phất,phập,phở,phờ,phơi,phạt,phố,
gət,gộp,gợt,gật,gấp,gập,gắp,gặp,gờ,gỡ,gấc,gọi,gội,gọt,góp,góc,gốc
hət,hớt,hợt,hất,hật,hấp,hắt,hở,hờ,hót,hóc,học,hộp,họp
kət,cớt,cất,cấp,cập,cắp,cặp,cắt,cột,cốc,cọc,cóc
mət,mất,mật,mập,mắt,mặt,mắc,mặc,một,mọt,mốc,mọc,móc
nət,lớp,lợp,lót,lật,nấp,lập,lắp,lặp,lắc,nấc,lọt,lột,lốc
pət,bớt,bợt,bợp,bập,bật,bắt,bậc,bới,bậc,bóc,bọc,bốc,bột
rət,rớt,dớp,rợp,rất,giật,giấc,dập,dắt,giặt,rót,dốt
sət,sốc,sập,xấp,sốt,xót,sọt,sất,sắt,sắc,sặc,xóc,shop,sóc
tʃət,chớt,chợt,chớp,chất,chật,trật,chấp,chập,chốt,chộp,chột,trót
θət,thớt,thật,thấp,thập,thắp,thắt,thọt,thóc,thọc
vət,vớt,vợt,vất,vật,vấp,vập,vắt,vặt,vọt,vốc
qət,quất,quật,cớt,quát,quạt,cột,cóc,cắt,cốc,cát,cách,
ən,ơn,ớn,ân,ấn,ẩn,ớm,âm,ấm,ẩm,ẩm,ôm,ốm,ôn,ổn,ồn,ông,ống,ong
tən,tôm,tởm,tồn,tốn,tẩn,tầm,tẩm,tấm,tận,tầng,tâng,tóm,tống,tổng,tọng
bən,bơm,bẩn,bàn,bán,bận,bom,bọn,bốn,bón,bằng
dən,đơn,đờn,đờm,đơm,đâm,đầm,đấm,đẫm,đần
fən,phởn,phân,phần,phấn,phận,phắn,phang,,
gən,GIRL,gan,gớm,gắng,gần,gân,gầm,gấm,gặm,gắn,gàn
hən,hơn,hờn,hớn,hân,hận,hâm,hầm,hấng,hắn,hằn
kən,cơn,cơm,cớm,cân,cần,cấn,câm,cầm,cấm,con,còn,cồn,cống,cổng,cõng,cong
mən,mồm,mớm,mần,mận,mâm,mầm,mẫm,mắm,mặn,món,mòn,móm,mông,mong
nən,lớn,lợn,lần,lấn,lẩn,lầm,nấm,nằm,nắm,làm
pən,bơm,bẩn,bạn,bàn,bấm,bom,bọn,bốn,bón,bán,bận,bằng
rən,giận,rợn,rồng,rơm,dần,dẫn,dấn,giẫm,rằm,dân,dâng
sən,sơn,sờn,sớm,sân,sần,sấm,sẫm,săm,sắm,xăng,sườn,sướng
tʃən,trơn,trờn,trợn,chớm,chân,trần,chấn,trận,
θən,thơm,thân,thần,thận,thâm,thầm,thấm,,
vən,vờn,vần,vườn,vượn,vươn,vẫn,vâng,vằm,vắng,,
qʌ,quà,qua,quá,quả,quạ,quất,quăng,quần,quấn,quật,quầng,quặng,quặp
qe,què,que,quẻ,quê,quế,quên,quen,quét
qɪ,quỳ,quý,quỷ,quỵ,quỹ,quỳnh,quýnh
qɒ,cò,có,cỏ,co,cọ,cô,cố,cổ,cỗ,cờ,cớ,cỡ,quất,quật,quắt
qʊ,cù,cu,cú,củ,cũ,cụ,cứ,cử,cừ,cùn,cùng,cưng,cứng,cũng
qaɪ,quai,quái,quay,quây,quầy,quấy,quẩy,quậy
qəʊ,cáu,cau,cầu,câu,cấu,cậu,quất,quật,quắt
qɔɪ,còi,coi,cõi,cối,quây,quấy,quầy,quẫy,quậy
qɪə,quơ,kia,kìa,quất,quật,cuốc,cuộc,cược,cước,cưới
qʊə,cua,của,cưa,cứa,cửa,cựa,quất,quật
qju,quỳ,quý,qủy,quỹ,quỵ
qʌn,quan,quán,quản,quần,quấn,quẩn,quận,quăng,quanh
qen,quen,quèn,quên,quyền,quyện
qɪn,quýnh,quỳ,quý,quỷ,quỵ,quỹ,quỳnh,
qɒn,còn,con,cồn,cộn,cơn,cơm,cong,cóng,quần,quấn,cống,cổng,cõng
qʊn,cùn,cún,cúm,cụm,cùng,cúng,cứng,cưng
qʌt,quát,quạt,quắt,quất,quật,quá,quạ,quà,qua,quả
qet,quét,quẹt,què,quẻ,quê,quế
qɪt,quít,quịt,kích,kịch,kịp,quyết
qɒt,cót,cọp,cốt,cột,cớt,cóc,cọc,cốc,cắt
qʊt,cút,cụt,cúc,cục,cứt,cực